anonymous_run_id,anonymous_group_id,group_size,sample_kind,node_id,node_type,surface_form,human_coherence_rating_blank,human_notes_blank
dev_run_A,L0_c2994,430,central,arti_00021,article,Graph Networks as a Universal Machine Learning Framework for Molecules and Crystals,2,The sampled members appear to describe the article ‘Universal Machine Learning for Molecules and Crystals.’ This suggests a shared article context, but I have not yet established whether they form a coherent scientific theme beyond that connection
dev_run_A,L0_c2994,430,central,cite_00352,cited_work,Crystal Graph Convolutional Neural Networks,2,maybe be scientifcally coherent and thematically similar describe a possible solution to the problem
dev_run_A,L0_c2994,430,central,meth_00218,method,crystal graph convolutional neural networks,2,describes a method seems reasonable adn fitting
dev_run_A,L0_c2994,430,central,cite_00142,cited_work,Adam optimizer,2,could possibly be a optimiser used for machine learning technique
dev_run_A,L0_c2994,430,central,tech_00032,technique,Adam optimizer,2,techinque seems related
dev_run_A,L0_c2994,430,random,prob_00130,problem,Symmetry preservation without handcrafted descriptors,unsure,not sure whether it connects to the article hard to Say
dev_run_A,L0_c2994,430,random,cite_00135,cited_work,Message Passing Neural Network,1,could possibly be a technique used for graph convolution networks but hard to establish scientifical coherence
dev_run_A,L0_c2994,430,random,task_00698,task,Locality testing,1,might be a sub task
dev_run_A,L0_c2994,430,random,task_00198,task,Construction of Interatomic Potentials with Magnetic and Charge Degrees of Freedom,1,could be an internal task related to molecular or crystal interatomic interaction
dev_run_A,L0_c2994,430,random,meth_00015,method,Adaptive Moment Estimation,1,could be something related to moment estimation in molecular dynamics
dev_run_A,L0_c2994,430,peripheral,data_00052,dataset,Salicylic acid,2,possibly a chemical name for a molecule
dev_run_A,L0_c2994,430,peripheral,data_00068,dataset,Poisson ratio,2,a method to calculate some distance
dev_run_A,L0_c2994,430,peripheral,data_00053,dataset,Malonaldehyde,2,possibly a chemical name
dev_run_A,L0_c2994,430,peripheral,comp_00290,component,Irreducible Basis Set B,unsure,not sure this could be a some basic irreducible set of molecules but it is not clear
dev_run_A,L0_c2994,430,peripheral,data_00050,dataset,Uracil,2,could possibly point to a molecule
dev_run_A,L0_c2991,361,central,arti_00049,article,The AFLOW Standard for High-Throughput Materials Science Calculations,2,article and realted claims seem related but that realtion could only be semantic
dev_run_A,L0_c2991,361,central,clai_00214,claim,"AFLOW calculations follow a standardized sequential workflow: RELAX1 → RELAX2 → STATIC → BANDS for materials in the Elements, ICSD, and Heusler databases.",2,relates to the aricle headline
dev_run_A,L0_c2991,361,central,tech_00637,technique,high-throughput calculations,1,could be a technique
dev_run_A,L0_c2991,361,central,clai_00036,claim,JARVIS‑Tools implements automatic k‑point convergence protocols that improve the precision of DFT calculations.,unsure,unsure whter JARVIS is related to AFLOW
dev_run_A,L0_c2991,361,central,prob_00197,problem,Benchmarking beyond‑DFT methods,0,
dev_run_A,L0_c2991,361,random,comp_00395,component,Apennsy interstitial cage search,1,could be an internal technique
dev_run_A,L0_c2991,361,random,prob_00611,problem,surface reconstruction modeling,unsure,
dev_run_A,L0_c2991,361,random,comp_00577,component,NKPPRA parameter,unsure,
dev_run_A,L0_c2991,361,random,comp_00821,component,ring statistics analysis,unsure,
dev_run_A,L0_c2991,361,random,tech_00354,technique,Automatic k‑point convergence,1,could be a technique
dev_run_A,L0_c2991,361,peripheral,tech_00325,technique,RESTful JSON API,1,could be realted to technical implementation
dev_run_A,L0_c2991,361,peripheral,tech_00324,technique,Crowd‑sourced issue reporting,1,might be related
dev_run_A,L0_c2991,361,peripheral,comp_00343,component,REST‑API,1,seems realted to a technique
dev_run_A,L0_c2991,361,peripheral,comp_00303,component,custodian,unsure,
dev_run_A,L0_c2991,361,peripheral,tech_00326,technique,Open‑source collaborative development,1,the sampled data seems coherent especially since it is not too semantic
dev_run_A,L0_c2986,80,central,clai_00659,claim,"A combined heuristic‑plus‑machine‑learning model trained on OQMD ternary formation energies predicts formation energies with a mean absolute error of ~0.11 eV/atom, roughly half the typical DFT‑experiment error.",0,doestn belong here realted to quantum
dev_run_A,L0_c2986,80,central,clai_00485,claim,"The DeePMD model is a promising candidate for developing a universal potential for solid-state electrolytes, though care must be taken when selecting training configurations.",1,a method 
dev_run_A,L0_c2986,80,central,clai_00475,claim,"The DeePMD model successfully reproduces the superionic behavior of solid-state electrolytes with linear Lithium/Sodium mean squared displacement over time and diffusion coefficient uncertainty of about 20% or smaller, which is precise enough for battery applications.",1,describes a model called DeepPMD which is successfully doing some calculation but not sure whther thsi realates to the above claim 
dev_run_A,L0_c2986,80,central,prob_00206,problem,Rapid prediction of ternary formation energies without crystal structures,1,seems like a problem that the DeepPMD model is able to solve
dev_run_A,L0_c2986,80,central,task_00251,task,Formation‑energy prediction for ternary compounds,1,seems coherent with the theme
dev_run_A,L0_c2986,80,random,task_00247,task,Li2O‑based reaction search for Li‑air batteries,1,soemthing related to batteries and lithium which might be scietifically coherent with the themes
dev_run_A,L0_c2986,80,random,clai_00652,claim,"At 0 K and zero pressure, 23 % of the 32,489 ICSD structures in the OQMD are thermodynamically stable according to grand canonical linear programming analysis.",unsure, but seems realted to molecular dynamics
dev_run_A,L0_c2986,80,random,metr_00044,metric,activation_energy,1,possibly realted to chemistry 
dev_run_A,L0_c2986,80,random,metr_00080,metric,MAE (eV/atom),1,realted to chemistry and a metric
dev_run_A,L0_c2986,80,random,clai_00475,claim,"The DeePMD model successfully reproduces the superionic behavior of solid-state electrolytes with linear Lithium/Sodium mean squared displacement over time and diffusion coefficient uncertainty of about 20% or smaller, which is precise enough for battery applications.",2,definitely related to the central claims
dev_run_A,L0_c2986,80,peripheral,metr_00079,metric,ME,unsure,could be a metric
dev_run_A,L0_c2986,80,peripheral,data_00150,dataset,NASICON,unsure,might me some material
dev_run_A,L0_c2986,80,peripheral,comp_00363,component,HF‑scavenging coating screen,1,might be related to coating of electrolytes
dev_run_A,L0_c2986,80,peripheral,prob_00203,problem,HF‑induced cathode degradation mitigation,1,possibly related to the problem
dev_run_A,L0_c2986,80,peripheral,futu_00174,future_topic,Web accessibility of the OQMD (public release via http://oqmd.org),0,thsi is something realted to quantum doestn belong here
dev_run_A,L0_c2996,120,central,prob_00606,problem,accurate interatomic potential for amorphous carbon,2,seems coherent since it is realted to other claims in thsi group realted to amorphous carbon
dev_run_A,L0_c2996,120,central,task_00687,task,Atomistic simulations of amorphous carbon,2,realted but could also be a semantic connection
dev_run_A,L0_c2996,120,central,prob_00602,problem,Fourfold ring prediction in amorphous carbon,2,related
dev_run_A,L0_c2996,120,central,prob_00605,problem,Large-scale amorphous carbon simulation,2,
dev_run_A,L0_c2996,120,central,clai_00686,claim,"For amorphous carbon with 3.7 Å cutoff radius, the lowest achievable standard deviation of force components is approximately 1 eV/Å due to fundamental nonlocality limits, representing a maximum accuracy bound for any finite-range interatomic potential.",2,realted to carbon and its interatomic potential
dev_run_A,L0_c2996,120,random,task_00696,task,Interatomic potential development for carbon,2,related
dev_run_A,L0_c2996,120,random,meth_00384,method,First-principles molecular dynamics,1,realted to the theme of molecular dynamics
dev_run_A,L0_c2996,120,random,clai_00688,claim,"All fitting coefficients in the GAP model enter linearly, allowing solution via simple linear algebra rather than difficult nonlinear parameter optimization required for traditional potentials and neural networks.",unsure,
dev_run_A,L0_c2996,120,random,task_00176,task,MD simulation of organic molecules,1,related to MD simulation
dev_run_A,L0_c2996,120,random,data_00204,dataset,ta-C,1,might be a chemical name of something related to C
dev_run_A,L0_c2996,120,peripheral,data_00214,dataset,Custom test set,unsure,
dev_run_A,L0_c2996,120,peripheral,auth_00059,author,Gábor Csányi,2,definitely realted work concerns amorphous carbon and silicon multiple documents related
dev_run_A,L0_c2996,120,peripheral,prob_00607,problem,preventing sp chain overprediction,unsure,could be realted to molecular dynamics
dev_run_A,L0_c2996,120,peripheral,metr_00088,metric,Young's modulus,2,related to elasticity
dev_run_A,L0_c2996,120,peripheral,metr_00084,metric,force_std_dev,unsure,related to physics
dev_run_A,L0_c2997,143,central,task_00337,task,Materials property prediction,2,all central claims and tasks seem to be related to material properties
dev_run_A,L0_c2997,143,central,task_00163,task,Prediction of material properties,2,
dev_run_A,L0_c2997,143,central,prob_00269,problem,Automated materials property prediction,2,hard to know whether they are semantically connected
dev_run_A,L0_c2997,143,central,task_00345,task,Materials property prediction from crystal structure,1,realted to materail science
dev_run_A,L0_c2997,143,central,task_00344,task,Materials property prediction from composition,1,could be related
dev_run_A,L0_c2997,143,random,meth_00231,method,Materials Project high‑throughput computational workflow and open data platform,1,related to material science
dev_run_A,L0_c2997,143,random,task_00232,task,Thermoelectric performance prediction,1,could be a task in the material scienece property prediction theme
dev_run_A,L0_c2997,143,random,task_00332,task,Metallicity classification,1,possibly a task 
dev_run_A,L0_c2997,143,random,task_00038,task,computational materials,unsure,
dev_run_A,L0_c2997,143,random,meth_00230,method,ConvLSTM-based fracture prediction model,1,might be a model used to predict fracture in materials
dev_run_A,L0_c2997,143,peripheral,tech_00925,technique,Young's modulus averaging,2,realted to elasticity and materials
dev_run_A,L0_c2997,143,peripheral,prob_00173,problem,Manual management of large calculation campaigns,unsure,
dev_run_A,L0_c2997,143,peripheral,clai_00013,claim,"Using Materials Project tools, researchers designed a new class of sodium‑based carbonophosphate compounds, predicted them to be thermodynamically stable, synthesized them hydrothermally, and experimentally confirmed their Li‑ion battery performance after ion exchange.",unsure,thsi seems realteedt o ion batteries
dev_run_A,L0_c2997,143,peripheral,meth_00033,method,convolutional LSTM,1,could be method or a model prediction
dev_run_A,L0_c2997,143,peripheral,meth_00270,method,Convex hull stability analysis,1,definitely related to the theme
dev_run_A,L0_c2978,55,central,clai_00315,claim,Automatminer Express preset achieves the best performance on 8 of 13 tasks in the Matbench benchmark.,2,seemssomething realted to autominer all the central nodes seem connected through this key word.
dev_run_A,L0_c2978,55,central,comp_00447,component,Automatminer,2,
dev_run_A,L0_c2978,55,central,meth_00307,method,Automatminer,2,
dev_run_A,L0_c2978,55,central,clai_00323,claim,Automatminer source code and pre-processed Matbench tasks are open source and available online.,2,
dev_run_A,L0_c2978,55,central,clai_00316,claim,Automatminer's auto-generated models outperform or equal the Random Forest model across all Matbench tasks except predicting formation energies across the Materials Project.,2,
dev_run_A,L0_c2978,55,random,task_00014,task,AutoML,1,
dev_run_A,L0_c2978,55,random,metr_00022,metric,relative error (MAE/MAD),1,
dev_run_A,L0_c2978,55,random,tech_00501,technique,TPOT automated model search,usnure,
dev_run_A,L0_c2978,55,random,cite_00578,cited_work,QML,unsure,
dev_run_A,L0_c2978,55,random,clai_00311,claim,"Matbench v0.1 is a benchmark suite containing 13 supervised machine learning tasks (10 regression, 3 classification) for materials property prediction, with dataset sizes ranging from 312 to 132,752 samples.",1,realted to Matbench
dev_run_A,L0_c2978,55,peripheral,metr_00022,metric,relative error (MAE/MAD),unsure,
dev_run_A,L0_c2978,55,peripheral,cite_00578,cited_work,QML,unsure,
dev_run_A,L0_c2978,55,peripheral,prob_00266,problem,Sample selection bias,unsure,
dev_run_A,L0_c2978,55,peripheral,prob_00278,problem,Unbiased model comparison,1,might be related to ML technique
dev_run_A,L0_c2978,55,peripheral,prob_00267,problem,Paradox of choice in descriptor/model selection,unsure,
dev_run_A,L0_c2972,112,central,auth_00190,author,Michal Jahnatek,1,definitely related to AFLOW
dev_run_A,L0_c2972,112,central,auth_00142,author,Markus J. Buehler,1,not realted to AFLOW btu grouped together
dev_run_A,L0_c2972,112,central,auth_00169,author,Vinit Sharma,1,no similar work but simialr theme material science could be a possible broad connection
dev_run_A,L0_c2972,112,central,auth_00013,author,Wei Chen,1,related to each other through materials
dev_run_A,L0_c2972,112,central,auth_00163,author,Albert Davydov,1,related to materail science
dev_run_A,L0_c2972,112,random,auth_00157,author,Adam J. Biacchi,1,realted to each other
dev_run_A,L0_c2972,112,random,auth_00018,author,Sergei V. Kalinin,2,realted to each other thorugh a similar work
dev_run_A,L0_c2972,112,random,auth_00142,author,Markus J. Buehler,2,definitely related
dev_run_A,L0_c2972,112,random,auth_00182,author,Bryce Meredig,2,definitely realated
dev_run_A,L0_c2972,112,random,auth_00117,author,James Kermode,,
dev_run_A,L0_c2972,112,peripheral,auth_00115,author,Shyue Ping Ong,1,related to material science
dev_run_A,L0_c2972,112,peripheral,auth_00174,author,Subhasish Mandal,2,
dev_run_A,L0_c2972,112,peripheral,auth_00146,author,Shreyas Cholia,,
dev_run_A,L0_c2972,112,peripheral,auth_00188,author,Wahyu Setyawan,,
dev_run_A,L0_c2972,112,peripheral,auth_00172,author,Ghanshyam Pilania,,
dev_run_A,L0_c2988,100,central,cite_00280,cited_work,LDA+U,,
dev_run_A,L0_c2988,100,central,meth_00356,method,LDA+U,,
dev_run_A,L0_c2988,100,central,cite_00279,cited_work,DFT+U,,
dev_run_A,L0_c2988,100,central,meth_00100,method,DFT+U,,
dev_run_A,L0_c2988,100,central,cite_00214,cited_work,DeepMD,,
dev_run_A,L0_c2988,100,random,meth_00264,method,WannierTools,,
dev_run_A,L0_c2988,100,random,cite_00290,cited_work,USPP,,
dev_run_A,L0_c2988,100,random,cite_00575,cited_work,CASTEP,,
dev_run_A,L0_c2988,100,random,meth_00363,method,Harris-Foulkes corrections,,
dev_run_A,L0_c2988,100,random,cite_00454,cited_work,Grimme-D2,,
dev_run_A,L0_c2988,100,peripheral,tech_00908,technique,MD-induced distortion test,,
dev_run_A,L0_c2988,100,peripheral,tech_00492,technique,TPOT genetic algorithm,,
dev_run_A,L0_c2988,100,peripheral,tech_00483,technique,MAE evaluation,,
dev_run_A,L0_c2988,100,peripheral,cite_00278,cited_work,Pauling File,,
dev_run_A,L0_c2988,100,peripheral,meth_00360,method,Davidson Block Subspace,,
dev_run_A,L0_c2989,54,central,comp_00624,component,Deep neural network potential energy surface,,
dev_run_A,L0_c2989,54,central,cite_00572,cited_work,neural network potentials,,
dev_run_A,L0_c2989,54,central,meth_00209,method,Deep Potential method,,
dev_run_A,L0_c2989,54,central,meth_00210,method,Deep Potential,,
dev_run_A,L0_c2989,54,central,tech_00893,technique,Machine-learning interpolation of DFT potential-energy surface,,
dev_run_A,L0_c2989,54,random,prob_00414,problem,Overfitting in neural network potentials,,
dev_run_A,L0_c2989,54,random,prob_00420,problem,Phase space sampling for generalizable ML potentials,,
dev_run_A,L0_c2989,54,random,task_00112,task,Formation energy regression,,
dev_run_A,L0_c2989,54,random,prob_00594,problem,Unphysical extrapolation at small distances,,
dev_run_A,L0_c2989,54,random,cite_00071,cited_work,ReaxFF,,
dev_run_A,L0_c2989,54,peripheral,cite_00071,cited_work,ReaxFF,,
dev_run_A,L0_c2989,54,peripheral,cite_00570,cited_work,REBO,,
dev_run_A,L0_c2989,54,peripheral,meth_00432,method,Screened Tersoff potential,,
dev_run_A,L0_c2989,54,peripheral,cite_00576,cited_work,Pastewka potential,,
dev_run_A,L0_c2989,54,peripheral,prob_00594,problem,Unphysical extrapolation at small distances,,
dev_run_A,L0_c2969,22,central,comp_00803,component,2-body descriptor,0,all "body descriptors" grouped together
dev_run_A,L0_c2969,22,central,comp_00804,component,3-body descriptor,,
dev_run_A,L0_c2969,22,central,comp_00798,component,Two-body descriptor,,
dev_run_A,L0_c2969,22,central,comp_00812,component,Two-body descriptors only,,
dev_run_A,L0_c2969,22,central,comp_00799,component,Three-body descriptor,,
dev_run_A,L0_c2969,22,random,comp_00810,component,MB descriptor,,
dev_run_A,L0_c2969,22,random,comp_00816,component,SOAP descriptor with sparse points,,
dev_run_A,L0_c2969,22,random,tech_00260,technique,SOAP descriptor construction,,
dev_run_A,L0_c2969,22,random,comp_00799,component,Three-body descriptor,,
dev_run_A,L0_c2969,22,random,comp_00815,component,angle descriptor,,
dev_run_A,L0_c2969,22,peripheral,comp_00822,component,SOAP sparse points,,
dev_run_A,L0_c2969,22,peripheral,comp_00815,component,angle descriptor,,
dev_run_A,L0_c2969,22,peripheral,comp_00810,component,MB descriptor,,
dev_run_A,L0_c2969,22,peripheral,comp_00816,component,SOAP descriptor with sparse points,,
dev_run_A,L0_c2969,22,peripheral,comp_00814,component,distance descriptor,,
dev_run_A,L0_c2747,12,central,comp_00348,component,JARVIS-FF workflow,0,all Jarvis terms related together maybe too semantic but still unsure
dev_run_A,L0_c2747,12,central,comp_00349,component,JARVIS-ML workflow,,
dev_run_A,L0_c2747,12,central,comp_00338,component,JARVIS‑Tools,,
dev_run_A,L0_c2747,12,central,comp_00354,component,JARVIS-FF database,,
dev_run_A,L0_c2747,12,central,comp_00355,component,JARVIS-ML platform,,
dev_run_A,L0_c2747,12,random,comp_00354,component,JARVIS-FF database,,
dev_run_A,L0_c2747,12,random,comp_00347,component,JARVIS-DFT workflow,,
dev_run_A,L0_c2747,12,random,comp_00355,component,JARVIS-ML platform,,
dev_run_A,L0_c2747,12,random,comp_00337,component,JARVIS‑ML,,
dev_run_A,L0_c2747,12,random,comp_00349,component,JARVIS-ML workflow,,
dev_run_A,L0_c2747,12,peripheral,comp_00358,component,JARVIS‑ODF library,,
dev_run_A,L0_c2747,12,peripheral,comp_00353,component,JARVIS-Beyond-DFT database,,
dev_run_A,L0_c2747,12,peripheral,comp_00347,component,JARVIS-DFT workflow,,
dev_run_A,L0_c2747,12,peripheral,comp_00337,component,JARVIS‑ML,,
dev_run_A,L0_c2747,12,peripheral,comp_00336,component,JARVIS‑FF,,
dev_run_A,L0_c2849,16,central,data_00223,dataset,MD-17 Benzene (original),unsure,the chemical names seem to be connected together
dev_run_A,L0_c2849,16,central,data_00229,dataset,MD-17 Toluene (original),,
dev_run_A,L0_c2849,16,central,data_00221,dataset,MD-17 Aspirin (original),,
dev_run_A,L0_c2849,16,central,data_00222,dataset,MD-17 Azobenzene (original),,
dev_run_A,L0_c2849,16,central,data_00226,dataset,MD-17 Naphthalene (original),,
dev_run_A,L0_c2849,16,random,data_00229,dataset,MD-17 Toluene (original),,
dev_run_A,L0_c2849,16,random,data_00232,dataset,MD-17 Benzene (revised),,
dev_run_A,L0_c2849,16,random,data_00226,dataset,MD-17 Naphthalene (original),,
dev_run_A,L0_c2849,16,random,data_00224,dataset,MD-17 Ethanol (original),,
dev_run_A,L0_c2849,16,random,data_00231,dataset,MD-17 Aspirin (revised),,
dev_run_A,L0_c2849,16,peripheral,data_00234,dataset,MD-17 Malonaldehyde (revised),,
dev_run_A,L0_c2849,16,peripheral,data_00236,dataset,Aspirin (MD-17),,
dev_run_A,L0_c2849,16,peripheral,data_00233,dataset,MD-17 Ethanol (revised),,
dev_run_A,L0_c2849,16,peripheral,data_00231,dataset,MD-17 Aspirin (revised),,
dev_run_A,L0_c2849,16,peripheral,data_00235,dataset,MD-17 Toluene (revised),,
dev_run_B,L0_c2977,95,central,cite_00127,cited_work,Graph Convolutional Network,,
dev_run_B,L0_c2977,95,central,meth_00005,method,Graph Convolutional Network,,
dev_run_B,L0_c2977,95,central,meth_00046,method,Gated Graph Neural Networks,,
dev_run_B,L0_c2977,95,central,meth_00228,method,Graph Networks,,
dev_run_B,L0_c2977,95,central,cite_00144,cited_work,Duvenaud et al. Graph Convolutional Networks,,
dev_run_B,L0_c2977,95,random,tech_00311,technique,Spatiotemporal learning with ConvLSTM,,
dev_run_B,L0_c2977,95,random,meth_00260,method,Keras,,
dev_run_B,L0_c2977,95,random,cite_00143,cited_work,Kipf & Welling Graph Convolutional Networks,,
dev_run_B,L0_c2977,95,random,tech_00086,technique,Master node global communication,,
dev_run_B,L0_c2977,95,random,comp_00029,component,Directed message channels,,
dev_run_B,L0_c2977,95,peripheral,meth_00436,method,environment-dependent interaction potential,,
dev_run_B,L0_c2977,95,peripheral,auth_00115,author,Shyue Ping Ong,,
dev_run_B,L0_c2977,95,peripheral,comp_00339,component,CFID,,
dev_run_B,L0_c2977,95,peripheral,tech_00292,technique,Normalized summation pooling,,
dev_run_B,L0_c2977,95,peripheral,prob_00159,problem,Inability to model state‑dependent properties,,
dev_run_B,L0_c2997,522,central,prob_00122,problem,Accurate data‑driven interatomic potentials,,
dev_run_B,L0_c2997,522,central,task_00177,task,"Prediction of potential energy, atomic forces, and virial tensor",2,quantum related
dev_run_B,L0_c2997,522,central,task_00489,task,electronic structure calculations,,
dev_run_B,L0_c2997,522,central,prob_00132,problem,Efficient training of interatomic potentials with forces and virial regularization,,
dev_run_B,L0_c2997,522,central,clai_00492,claim,"Elemental embedding vectors learned by the crystal formation‑energy MEGNet model reproduce known periodic‑table trends and, when transferred to band‑gap and elastic‑moduli models, reduce their mean absolute errors, improving upon prior machine‑learning approaches.",,
dev_run_B,L0_c2997,522,random,tech_00692,technique,Maximum bond variation check,,
dev_run_B,L0_c2997,522,random,futu_00174,future_topic,Web accessibility of the OQMD (public release via http://oqmd.org),2,quantum related
dev_run_B,L0_c2997,522,random,prob_00591,problem,Poor surface description in empirical potentials,,
dev_run_B,L0_c2997,522,random,task_00334,task,Refractive index prediction,,
dev_run_B,L0_c2997,522,random,task_00232,task,Thermoelectric performance prediction,,
dev_run_B,L0_c2997,522,peripheral,meth_00050,method,SchNet,,
dev_run_B,L0_c2997,522,peripheral,prob_00203,problem,HF‑induced cathode degradation mitigation,,
dev_run_B,L0_c2997,522,peripheral,comp_00290,component,Irreducible Basis Set B,,
dev_run_B,L0_c2997,522,peripheral,tech_00920,technique,MD quenches,,
dev_run_B,L0_c2997,522,peripheral,tech_00689,technique,Nosé-Hoover thermostat,,
dev_run_B,L0_c2985,102,central,prob_00269,problem,Automated materials property prediction,,
dev_run_B,L0_c2985,102,central,task_00337,task,Materials property prediction,,
dev_run_B,L0_c2985,102,central,prob_00143,problem,Accurate prediction of material properties,,
dev_run_B,L0_c2985,102,central,task_00356,task,machine learning for materials,,
dev_run_B,L0_c2985,102,central,task_00163,task,Prediction of material properties,,
dev_run_B,L0_c2985,102,random,futu_00006,future_topic,"Cost-effective, data-driven materials design",,
dev_run_B,L0_c2985,102,random,task_00439,task,high-throughput materials discovery,,
dev_run_B,L0_c2985,102,random,futu_00132,future_topic,Extension of graph‑network models to additional state‑dependent material properties,,
dev_run_B,L0_c2985,102,random,prob_00217,problem,Standardized structure representation,,
dev_run_B,L0_c2985,102,random,task_00003,task,materials science,,
dev_run_B,L0_c2985,102,peripheral,task_00186,task,Continuous property regression,,
dev_run_B,L0_c2985,102,peripheral,clai_00016,claim,"The distribution of chromium coordination environments in oxides derived from the database matches known chemical principles: Cr⁶⁺ prefers tetrahedral (4‑fold) coordination, while Cr³⁺ prefers octahedral (6‑fold) coordination.",,
dev_run_B,L0_c2985,102,peripheral,task_00350,task,Composition-only regression,,
dev_run_B,L0_c2985,102,peripheral,comp_00392,component,Nanoparticle generator,,
dev_run_B,L0_c2985,102,peripheral,tech_00103,technique,High‑throughput screening,,
dev_run_B,L0_c2784,23,central,prob_00168,problem,Fracture pattern prediction from MD simulations,1,fracture realted doesnt really mean they are scientifcally related
dev_run_B,L0_c2784,23,central,task_00201,task,Fracture‑toughness prediction,,
dev_run_B,L0_c2784,23,central,task_00203,task,Gradient‑orientation fracture prediction,,
dev_run_B,L0_c2784,23,central,meth_00230,method,ConvLSTM-based fracture prediction model,,
dev_run_B,L0_c2784,23,central,task_00204,task,Crack path prediction in crystalline solids,,
dev_run_B,L0_c2784,23,random,tech_00316,technique,One‑hot crack labeling,,
dev_run_B,L0_c2784,23,random,tech_00313,technique,Pixel‑wise crack‑length measurement,,
dev_run_B,L0_c2784,23,random,prob_00166,problem,Fracture‑toughness estimation from atomistic data,,
dev_run_B,L0_c2784,23,random,clai_00026,claim,"The training dataset comprises 14,300 paired geometric‑crack image matrices, and the model exhibits convergent loss during training.",,
dev_run_B,L0_c2784,23,random,comp_00294,component,Fracture‑toughness regression head,,
dev_run_B,L0_c2784,23,peripheral,comp_00299,component,Crack matrix y,,
dev_run_B,L0_c2784,23,peripheral,tech_00316,technique,One‑hot crack labeling,,
dev_run_B,L0_c2784,23,peripheral,tech_00313,technique,Pixel‑wise crack‑length measurement,,
dev_run_B,L0_c2784,23,peripheral,clai_00026,claim,"The training dataset comprises 14,300 paired geometric‑crack image matrices, and the model exhibits convergent loss during training.",,
dev_run_B,L0_c2784,23,peripheral,comp_00294,component,Fracture‑toughness regression head,,
dev_run_B,L0_c2963,44,central,comp_00447,component,Automatminer,1,automatminer and Matbench realted paper might be scientifcallycoherretn but not so sure
dev_run_B,L0_c2963,44,central,meth_00307,method,Automatminer,,
dev_run_B,L0_c2963,44,central,clai_00315,claim,Automatminer Express preset achieves the best performance on 8 of 13 tasks in the Matbench benchmark.,,
dev_run_B,L0_c2963,44,central,clai_00323,claim,Automatminer source code and pre-processed Matbench tasks are open source and available online.,,
dev_run_B,L0_c2963,44,central,clai_00314,claim,"Automatminer is a fully-automated machine learning pipeline consisting of four stages (autofeaturization, cleaning, dimensionality reduction, and AutoML search) that requires no user intervention or hyperparameter tuning.",,
dev_run_B,L0_c2963,44,random,prob_00282,problem,Feature engineering automation,,
dev_run_B,L0_c2963,44,random,task_00352,task,Matbench classification tasks,,
dev_run_B,L0_c2963,44,random,clai_00314,claim,"Automatminer is a fully-automated machine learning pipeline consisting of four stages (autofeaturization, cleaning, dimensionality reduction, and AutoML search) that requires no user intervention or hyperparameter tuning.",,
dev_run_B,L0_c2963,44,random,comp_00448,component,Matbench,,
dev_run_B,L0_c2963,44,random,data_00115,dataset,Matbench test suite v0.1,,
dev_run_B,L0_c2963,44,peripheral,tech_00496,technique,Configurable preset system,,
dev_run_B,L0_c2963,44,peripheral,prob_00282,problem,Feature engineering automation,,
dev_run_B,L0_c2963,44,peripheral,tech_00495,technique,AutoML pipeline search,,
dev_run_B,L0_c2963,44,peripheral,tech_00473,technique,Automated feature generation,,
dev_run_B,L0_c2963,44,peripheral,comp_00453,component,AutoML stage,,
dev_run_B,L0_c2958,41,central,task_00687,task,Atomistic simulations of amorphous carbon,1,carbon related papers
dev_run_B,L0_c2958,41,central,prob_00606,problem,accurate interatomic potential for amorphous carbon,,
dev_run_B,L0_c2958,41,central,prob_00605,problem,Large-scale amorphous carbon simulation,,
dev_run_B,L0_c2958,41,central,task_00691,task,Amorphous carbon (a-C) structure modeling,,
dev_run_B,L0_c2958,41,central,data_00199,dataset,amorphous carbon structures,,
dev_run_B,L0_c2958,41,random,clai_00681,claim,"GAP fully reproduces the stability ordering of ta-C surface energies compared to DFT calculations, with differences less than 0.01 J m−2 for the most stable surface.",,
dev_run_B,L0_c2958,41,random,clai_00680,claim,"GAP recovers three- and four-membered rings that are key features of liquid and low-density amorphous carbon structures, which empirical potentials (Tersoff/Brenner) fail to predict.",,
dev_run_B,L0_c2958,41,random,data_00206,dataset,Liquid carbon 5000K,,
dev_run_B,L0_c2958,41,random,task_00690,task,Nanoscale amorphous carbon structure simulations,,
dev_run_B,L0_c2958,41,random,clai_00687,claim,"DFT-based methods are practically limited to systems of a few hundred atoms, making generation of 8,000-atom amorphous carbon structures impossible with DFT-MD even on state-of-the-art supercomputers.",,
dev_run_B,L0_c2958,41,peripheral,data_00035,dataset,Liquid water,,
dev_run_B,L0_c2958,41,peripheral,clai_00688,claim,"All fitting coefficients in the GAP model enter linearly, allowing solution via simple linear algebra rather than difficult nonlinear parameter optimization required for traditional potentials and neural networks.",,
dev_run_B,L0_c2958,41,peripheral,clai_00677,claim,"Combined two-body, three-body, and SOAP many-body descriptors are necessary for GAP to achieve the accuracy limit imposed by force locality and make physically meaningful predictions; models using only subsets of descriptors produce unphysical structures during molecular dynamics simulations.",,
dev_run_B,L0_c2958,41,peripheral,clai_00681,claim,"GAP fully reproduces the stability ordering of ta-C surface energies compared to DFT calculations, with differences less than 0.01 J m−2 for the most stable surface.",,
dev_run_B,L0_c2958,41,peripheral,clai_00685,claim,"Diamond exhibits strong force locality with force deviations vanishing practically at rfix = 5.5 Å, while graphite is highly nonlocal with larger force deviations that do not decay as rapidly.",,
dev_run_B,L0_c2973,39,central,meth_00355,method,AFLOW high-throughput DFT calculation protocol,,
dev_run_B,L0_c2973,39,central,tech_00361,technique,High‑throughput DFT calculations,,
dev_run_B,L0_c2973,39,central,task_00483,task,High-throughput DFT calculations,,
dev_run_B,L0_c2973,39,central,task_00240,task,High‑throughput DFT property calculation,,
dev_run_B,L0_c2973,39,central,clai_00212,claim,"The AFLOW standard enables reproducible high-throughput DFT calculations through standardized parameter sets for k-point density, energy cut-offs, exchange-correlation functionals, pseudopotentials, DFT+U parameters, and convergence criteria.",,
dev_run_B,L0_c2973,39,random,prob_00197,problem,Benchmarking beyond‑DFT methods,,
dev_run_B,L0_c2973,39,random,data_00210,dataset,DFT carbon reference data,,
dev_run_B,L0_c2973,39,random,clai_00218,claim,"DFT+U corrections are applied to the entire ICSD database and certain Heusler database entries containing O, S, Se, and F elements, but not to the Binary Alloy database.",,
dev_run_B,L0_c2973,39,random,clai_00010,claim,"The workflow software FireWorks together with the custodian job‑management tool automatically manages high‑throughput DFT calculations, self‑heals failed runs, and applies material‑type‑specific workflows.",,
dev_run_B,L0_c2973,39,random,meth_00100,method,DFT+U,,
dev_run_B,L0_c2973,39,peripheral,clai_00216,claim,"The PBE functional combined with PAW potentials is the default exchange-correlation functional and potential combination for ICSD, Binary Alloy, and Heusler databases.",,
dev_run_B,L0_c2973,39,peripheral,cite_00274,cited_work,AFLOW,,
dev_run_B,L0_c2973,39,peripheral,clai_00222,claim,Following the AFLOW standard enables materials science researchers to reproduce AFLOWLIB consortium results and make direct comparisons of properties between different materials for identifying trends and formulating design rules.,,
dev_run_B,L0_c2973,39,peripheral,comp_00385,component,AFLOW workflow engine,,
dev_run_B,L0_c2973,39,peripheral,clai_00224,claim,The AFLOWLIB data is accessible through a REST-API for standardized data exchange.,,
dev_run_B,L0_c2996,340,central,task_00001,task,machine learning,,
dev_run_B,L0_c2996,340,central,prob_00280,problem,Generalization error estimation,,
dev_run_B,L0_c2996,340,central,meth_00051,method,Gradient-domain machine learning,,
dev_run_B,L0_c2996,340,central,tech_00023,technique,Ensemble learning,,
dev_run_B,L0_c2996,340,central,futu_00010,future_topic,Continuous expansion of JARVIS datasets and tools,,
dev_run_B,L0_c2996,340,random,tech_00256,technique,Cubic spline fitting,,
dev_run_B,L0_c2996,340,random,futu_00022,future_topic,more challenging benchmark with chemical and structural variations,,
dev_run_B,L0_c2996,340,random,meth_00015,method,Adaptive Moment Estimation,,
dev_run_B,L0_c2996,340,random,tech_00366,technique,Automated workflow orchestration,,
dev_run_B,L0_c2996,340,random,tech_00087,technique,Multiple‑tower decomposition,,
dev_run_B,L0_c2996,340,peripheral,comp_00343,component,REST‑API,,
dev_run_B,L0_c2996,340,peripheral,tech_00325,technique,RESTful JSON API,,
dev_run_B,L0_c2996,340,peripheral,tech_00360,technique,REST‑API data exchange,,
dev_run_B,L0_c2996,340,peripheral,prob_00274,problem,Researcher intervention requirement,,
dev_run_B,L0_c2996,340,peripheral,tech_00358,technique,Error‑handler auto‑resubmit,,
dev_run_B,L0_c2986,108,central,auth_00190,author,Michal Jahnatek,1,all authors who have worked on similar papers are grouped together
dev_run_B,L0_c2986,108,central,auth_00142,author,Markus J. Buehler,,
dev_run_B,L0_c2986,108,central,auth_00169,author,Vinit Sharma,,
dev_run_B,L0_c2986,108,central,auth_00013,author,Wei Chen,,
dev_run_B,L0_c2986,108,central,auth_00163,author,Albert Davydov,,
dev_run_B,L0_c2986,108,random,auth_00013,author,Wei Chen,,
dev_run_B,L0_c2986,108,random,auth_00011,author,Teodoro Laino,,
dev_run_B,L0_c2986,108,random,auth_00181,author,Muratahan Aykol,,
dev_run_B,L0_c2986,108,random,auth_00179,author,James E. Saal,,
dev_run_B,L0_c2986,108,random,auth_00161,author,A. Gilad Kusne,,
dev_run_B,L0_c2986,108,peripheral,auth_00174,author,Subhasish Mandal,,
dev_run_B,L0_c2986,108,peripheral,auth_00188,author,Wahyu Setyawan,,
dev_run_B,L0_c2986,108,peripheral,auth_00172,author,Ghanshyam Pilania,,
dev_run_B,L0_c2986,108,peripheral,cite_00457,cited_work,Xie & Grossman,,
dev_run_B,L0_c2986,108,peripheral,auth_00141,author,Chi-Hua Yu,,
dev_run_B,L0_c2971,143,central,meth_00266,method,BoltzTraP,,
dev_run_B,L0_c2971,143,central,cite_00128,cited_work,ChebNet,,
dev_run_B,L0_c2971,143,central,cite_00297,cited_work,ACBN0,,
dev_run_B,L0_c2971,143,central,meth_00254,method,Wannier90,,
dev_run_B,L0_c2971,143,central,cite_00293,cited_work,PW91,,
dev_run_B,L0_c2971,143,random,tech_00084,technique,Set2Set pooling,,
dev_run_B,L0_c2971,143,random,auth_00146,author,Shreyas Cholia,,
dev_run_B,L0_c2971,143,random,data_00237,dataset,Ice Ih (b),,
dev_run_B,L0_c2971,143,random,cite_00574,cited_work,Quickstep,,
dev_run_B,L0_c2971,143,random,data_00036,dataset,Ice Ih,,
dev_run_B,L0_c2971,143,peripheral,tech_00642,technique,DBS-to-RMM-DIIS switching,,
dev_run_B,L0_c2971,143,peripheral,tech_00919,technique,snapshot extraction at multiple time points,,
dev_run_B,L0_c2971,143,peripheral,tech_00500,technique,Leave-one-cluster-out CV,,
dev_run_B,L0_c2971,143,peripheral,comp_00388,component,Aconvasp command‑line tool,,
dev_run_B,L0_c2971,143,peripheral,comp_00631,component,uncorrelated snapshots selection,,
dev_run_B,L0_c2975,28,central,comp_00803,component,2-body descriptor,,
dev_run_B,L0_c2975,28,central,comp_00804,component,3-body descriptor,,
dev_run_B,L0_c2975,28,central,comp_00798,component,Two-body descriptor,,
dev_run_B,L0_c2975,28,central,comp_00799,component,Three-body descriptor,,
dev_run_B,L0_c2975,28,central,tech_00260,technique,SOAP descriptor construction,,
dev_run_B,L0_c2975,28,random,comp_00804,component,3-body descriptor,,
dev_run_B,L0_c2975,28,random,meth_00252,method,G0W0 many‑body perturbation theory,,
dev_run_B,L0_c2975,28,random,tech_00260,technique,SOAP descriptor construction,,
dev_run_B,L0_c2975,28,random,meth_00197,method,SOAP kernel,,
dev_run_B,L0_c2975,28,random,comp_00798,component,Two-body descriptor,,
dev_run_B,L0_c2975,28,peripheral,meth_00252,method,G0W0 many‑body perturbation theory,,
dev_run_B,L0_c2975,28,peripheral,cite_00200,cited_work,SOAP,,
dev_run_B,L0_c2975,28,peripheral,tech_00109,technique,Hierarchical Body‑Order Expansion,,
dev_run_B,L0_c2975,28,peripheral,meth_00197,method,SOAP kernel,,
dev_run_B,L0_c2975,28,peripheral,comp_00822,component,SOAP sparse points,,
dev_run_B,L0_c2858,20,central,data_00223,dataset,MD-17 Benzene (original),0,all the chemical names are grouped together even in random and peripheral
dev_run_B,L0_c2858,20,central,data_00221,dataset,MD-17 Aspirin (original),,
dev_run_B,L0_c2858,20,central,data_00229,dataset,MD-17 Toluene (original),,
dev_run_B,L0_c2858,20,central,data_00225,dataset,MD-17 Malonaldehyde (original),,
dev_run_B,L0_c2858,20,central,data_00228,dataset,MD-17 Salicylic acid (original),,
dev_run_B,L0_c2858,20,random,data_00226,dataset,MD-17 Naphthalene (original),,
dev_run_B,L0_c2858,20,random,data_00233,dataset,MD-17 Ethanol (revised),,
dev_run_B,L0_c2858,20,random,data_00231,dataset,MD-17 Aspirin (revised),,
dev_run_B,L0_c2858,20,random,data_00053,dataset,Malonaldehyde,,
dev_run_B,L0_c2858,20,random,data_00034,dataset,Aspirin,,
dev_run_B,L0_c2858,20,peripheral,data_00054,dataset,Ethanol,,
dev_run_B,L0_c2858,20,peripheral,data_00052,dataset,Salicylic acid,,
dev_run_B,L0_c2858,20,peripheral,data_00053,dataset,Malonaldehyde,,
dev_run_B,L0_c2858,20,peripheral,data_00034,dataset,Aspirin,,
dev_run_B,L0_c2858,20,peripheral,data_00234,dataset,MD-17 Malonaldehyde (revised),,
dev_run_C,L0_c2995,230,central,task_00177,task,"Prediction of potential energy, atomic forces, and virial tensor",,
dev_run_C,L0_c2995,230,central,task_00196,task,Unified free‑energy prediction,,
dev_run_C,L0_c2995,230,central,prob_00421,problem,Activation energy prediction accuracy,,
dev_run_C,L0_c2995,230,central,comp_00624,component,Deep neural network potential energy surface,,
dev_run_C,L0_c2995,230,central,prob_00131,problem,Efficient force and virial prediction,,
dev_run_C,L0_c2995,230,random,prob_00134,problem,Accurate reproduction of AIMD structural properties,,
dev_run_C,L0_c2995,230,random,clai_00002,claim,CGCNN classifies metals versus semiconductors with an area under the ROC curve of 0.95 and an overall accuracy of 0.90.,,
dev_run_C,L0_c2995,230,random,data_00209,dataset,Crystalline test set,,
dev_run_C,L0_c2995,230,random,tech_00702,technique,Temperature ramp simulation,,
dev_run_C,L0_c2995,230,random,task_00357,task,machine learning benchmarking,,
dev_run_C,L0_c2995,230,peripheral,data_00214,dataset,Custom test set,,
dev_run_C,L0_c2995,230,peripheral,data_00068,dataset,Poisson ratio,,
dev_run_C,L0_c2995,230,peripheral,tech_00689,technique,Nosé-Hoover thermostat,,
dev_run_C,L0_c2995,230,peripheral,cite_00482,cited_work,Behler‑Parrinello,,
dev_run_C,L0_c2995,230,peripheral,tech_00405,technique,Miedema and Hume‑Rothery miscibility rules,,
dev_run_C,L0_c2929,33,central,cite_00127,cited_work,Graph Convolutional Network,,
dev_run_C,L0_c2929,33,central,meth_00005,method,Graph Convolutional Network,,
dev_run_C,L0_c2929,33,central,cite_00144,cited_work,Duvenaud et al. Graph Convolutional Networks,,
dev_run_C,L0_c2929,33,central,cite_00352,cited_work,Crystal Graph Convolutional Neural Networks,,
dev_run_C,L0_c2929,33,central,meth_00218,method,crystal graph convolutional neural networks,,
dev_run_C,L0_c2929,33,random,cite_00125,cited_work,Molecular Graph Convolution,,
dev_run_C,L0_c2929,33,random,meth_00218,method,crystal graph convolutional neural networks,,
dev_run_C,L0_c2929,33,random,tech_00498,technique,Transfer learning from graph networks,,
dev_run_C,L0_c2929,33,random,meth_00228,method,Graph Networks,,
dev_run_C,L0_c2929,33,random,futu_00039,future_topic,apply the general MPNN approach to practically important graph problems,,
dev_run_C,L0_c2929,33,peripheral,clai_00685,claim,"Diamond exhibits strong force locality with force deviations vanishing practically at rfix = 5.5 Å, while graphite is highly nonlocal with larger force deviations that do not decay as rapidly.",,
dev_run_C,L0_c2929,33,peripheral,clai_00684,claim,"Empirical potentials (Tersoff/Brenner) cannot describe interlayer spacing in graphite due to short-range cutoff being less than c/2, provide poor description of carbon surfaces, and yield much lower surface energies than GAP and DFT for ta-C surfaces.",,
dev_run_C,L0_c2929,33,peripheral,clai_00133,claim,"A general training method allows MPNNs to use larger node representation dimensions without increasing computation time or memory, providing substantial savings over previous high‑dimensional MPNNs.",,
dev_run_C,L0_c2929,33,peripheral,prob_00019,problem,Scalable high‑dimensional node representations,,
dev_run_C,L0_c2929,33,peripheral,prob_00601,problem,Interlayer spacing in graphite,,
dev_run_C,L0_c2997,360,central,tech_00895,technique,Sparse representation,,
dev_run_C,L0_c2997,360,central,tech_00276,technique,Linear‑scaling via atomic decomposition,,
dev_run_C,L0_c2997,360,central,comp_00452,component,Dimensionality reduction stage,,
dev_run_C,L0_c2997,360,central,meth_00286,method,cluster expansions,,
dev_run_C,L0_c2997,360,central,cite_00142,cited_work,Adam optimizer,,
dev_run_C,L0_c2997,360,random,tech_00279,technique,Switching function for neighbor contributions,,
dev_run_C,L0_c2997,360,random,task_00340,task,Band gap regression,,
dev_run_C,L0_c2997,360,random,tech_00503,technique,Element embedding,,
dev_run_C,L0_c2997,360,random,comp_00014,component,Edge Network message function,,
dev_run_C,L0_c2997,360,random,tech_00926,technique,Lattice parameter scaling,,
dev_run_C,L0_c2997,360,peripheral,metr_00084,metric,force_std_dev,,
dev_run_C,L0_c2997,360,peripheral,clai_00525,claim,"Neglecting spin‑orbit coupling forces all magnetic angular momenta to be zero, greatly reducing the number of ACE expansion coefficients, since the magnetic contribution to the cohesive energy is only about 10 % of the total.",,
dev_run_C,L0_c2997,360,peripheral,comp_00303,component,custodian,,
dev_run_C,L0_c2997,360,peripheral,comp_00290,component,Irreducible Basis Set B,,
dev_run_C,L0_c2997,360,peripheral,comp_00474,component,Skip connection Add layers,,
dev_run_C,L0_c2960,73,central,prob_00269,problem,Automated materials property prediction,unsure,evenrything seems connected together by the keyword materials property
dev_run_C,L0_c2960,73,central,task_00356,task,machine learning for materials,,
dev_run_C,L0_c2960,73,central,task_00337,task,Materials property prediction,,
dev_run_C,L0_c2960,73,central,prob_00143,problem,Accurate prediction of material properties,,
dev_run_C,L0_c2960,73,central,task_00163,task,Prediction of material properties,,
dev_run_C,L0_c2960,73,random,clai_00035,claim,JARVIS‑ML provides around 25 machine‑learning models for predicting material properties.,,
dev_run_C,L0_c2960,73,random,clai_00019,claim,"The open‑source software infrastructure of the Materials Project, including pymatgen, has attracted more than 100 active collaborators worldwide and incorporates community contributions such as FEFF and ABINIT support.",,
dev_run_C,L0_c2960,73,random,prob_00094,problem,Accelerated materials discovery,,
dev_run_C,L0_c2960,73,random,arti_00032,article,Commentary: The Materials Project: A materials genome approach to accelerating materials innovation,,
dev_run_C,L0_c2960,73,random,clai_00312,claim,"Matbench contains data from 10 density functional theory-derived and experimental sources including Materials Project, Zhuo et al., Landolt-Bornstein Handbook, Castelli et al., JARVIS DFT 2D, and Citrine Informatics.",,
dev_run_C,L0_c2960,73,peripheral,prob_00161,problem,Interpretability of learned chemical trends,,
dev_run_C,L0_c2960,73,peripheral,data_00258,dataset,Single-element dataset (Zuo et al.),,
dev_run_C,L0_c2960,73,peripheral,task_00033,task,computational physics,,
dev_run_C,L0_c2960,73,peripheral,task_00333,task,Bulk metallic glass formation prediction,,
dev_run_C,L0_c2960,73,peripheral,prob_00147,problem,Metal/semiconductor classification,,
dev_run_C,L0_c2994,264,central,task_00010,task,computational chemistry,,
dev_run_C,L0_c2994,264,central,prob_00588,problem,Accuracy-efficiency gap in atomistic simulations,1,the central nodes seem connected 
dev_run_C,L0_c2994,264,central,task_00489,task,electronic structure calculations,,
dev_run_C,L0_c2994,264,central,prob_00122,problem,Accurate data‑driven interatomic potentials,,
dev_run_C,L0_c2994,264,central,clai_00659,claim,"A combined heuristic‑plus‑machine‑learning model trained on OQMD ternary formation energies predicts formation energies with a mean absolute error of ~0.11 eV/atom, roughly half the typical DFT‑experiment error.",,
dev_run_C,L0_c2994,264,random,task_00166,task,Bulk crystal equation‑of‑state calculations,,
dev_run_C,L0_c2994,264,random,tech_00692,technique,Maximum bond variation check,,
dev_run_C,L0_c2994,264,random,tech_00897,technique,Melt-quench simulations,,
dev_run_C,L0_c2994,264,random,comp_00467,component,DensityFeatures featurizer,,
dev_run_C,L0_c2994,264,random,clai_00030,claim,Using the vdW‑DF‑OptB88 functional for all dimensionalities yields accurate lattice parameters and formation energies for both van‑der‑Waals and non‑vdW bonded materials.,,
dev_run_C,L0_c2994,264,peripheral,data_00150,dataset,NASICON,,
dev_run_C,L0_c2994,264,peripheral,comp_00806,component,Cutoff function,,
dev_run_C,L0_c2994,264,peripheral,comp_00284,component,Modified softplus activation,,
dev_run_C,L0_c2994,264,peripheral,prob_00203,problem,HF‑induced cathode degradation mitigation,,
dev_run_C,L0_c2994,264,peripheral,meth_00283,method,projector-augmented wave,,
dev_run_C,L0_c2833,23,central,prob_00168,problem,Fracture pattern prediction from MD simulations,2,seems related to fracture in materails but seems too semantic
dev_run_C,L0_c2833,23,central,task_00201,task,Fracture‑toughness prediction,,
dev_run_C,L0_c2833,23,central,task_00203,task,Gradient‑orientation fracture prediction,,
dev_run_C,L0_c2833,23,central,meth_00230,method,ConvLSTM-based fracture prediction model,,
dev_run_C,L0_c2833,23,central,task_00204,task,Crack path prediction in crystalline solids,,
dev_run_C,L0_c2833,23,random,task_00200,task,Crack‑pattern prediction,,
dev_run_C,L0_c2833,23,random,prob_00165,problem,Efficient prediction of dynamic brittle fracture paths,,
dev_run_C,L0_c2833,23,random,clai_00026,claim,"The training dataset comprises 14,300 paired geometric‑crack image matrices, and the model exhibits convergent loss during training.",,
dev_run_C,L0_c2833,23,random,prob_00166,problem,Fracture‑toughness estimation from atomistic data,,
dev_run_C,L0_c2833,23,random,prob_00170,problem,Modeling spatiotemporal dependencies in fracture,,
dev_run_C,L0_c2833,23,peripheral,comp_00299,component,Crack matrix y,,
dev_run_C,L0_c2833,23,peripheral,tech_00316,technique,One‑hot crack labeling,,
dev_run_C,L0_c2833,23,peripheral,tech_00313,technique,Pixel‑wise crack‑length measurement,,
dev_run_C,L0_c2833,23,peripheral,clai_00026,claim,"The training dataset comprises 14,300 paired geometric‑crack image matrices, and the model exhibits convergent loss during training.",,
dev_run_C,L0_c2833,23,peripheral,comp_00294,component,Fracture‑toughness regression head,1,seems connected with carbon but not necessarily scientifically coherent
dev_run_C,L0_c2902,28,central,task_00687,task,Atomistic simulations of amorphous carbon,,
dev_run_C,L0_c2902,28,central,task_00704,task,amorphous carbon structure generation,,
dev_run_C,L0_c2902,28,central,data_00199,dataset,amorphous carbon structures,,
dev_run_C,L0_c2902,28,central,prob_00605,problem,Large-scale amorphous carbon simulation,,
dev_run_C,L0_c2902,28,central,task_00690,task,Nanoscale amorphous carbon structure simulations,,
dev_run_C,L0_c2902,28,random,task_00704,task,amorphous carbon structure generation,,
dev_run_C,L0_c2902,28,random,task_00687,task,Atomistic simulations of amorphous carbon,,
dev_run_C,L0_c2902,28,random,clai_00679,claim,"GAP radial and angular distribution functions for liquid and amorphous carbon closely match DFT reference results, including peak locations, extents, and overall curve shapes.",,
dev_run_C,L0_c2902,28,random,task_00696,task,Interatomic potential development for carbon,,
dev_run_C,L0_c2902,28,random,futu_00176,future_topic,Realistic and accurate simulations of nanoscale amorphous carbon structures,,
dev_run_C,L0_c2902,28,peripheral,data_00205,dataset,Liquid carbon 9000K,,
dev_run_C,L0_c2902,28,peripheral,data_00206,dataset,Liquid carbon 5000K,,
dev_run_C,L0_c2902,28,peripheral,prob_00604,problem,Transferability across carbon phases,,
dev_run_C,L0_c2902,28,peripheral,task_00696,task,Interatomic potential development for carbon,,
dev_run_C,L0_c2902,28,peripheral,clai_00683,claim,"GAP sp3 concentration predictions are closer to DFT reference than empirical Brenner and Tersoff potentials, particularly at lower densities; empirical potentials underestimate sp3 concentration in tetrahedral amorphous carbon.",,
dev_run_C,L0_c2975,52,central,tech_00361,technique,High‑throughput DFT calculations,1,seems related to dft and AFLOW
dev_run_C,L0_c2975,52,central,clai_00212,claim,"The AFLOW standard enables reproducible high-throughput DFT calculations through standardized parameter sets for k-point density, energy cut-offs, exchange-correlation functionals, pseudopotentials, DFT+U parameters, and convergence criteria.",,
dev_run_C,L0_c2975,52,central,task_00483,task,High-throughput DFT calculations,,
dev_run_C,L0_c2975,52,central,meth_00355,method,AFLOW high-throughput DFT calculation protocol,,
dev_run_C,L0_c2975,52,central,task_00240,task,High‑throughput DFT property calculation,,
dev_run_C,L0_c2975,52,random,comp_00353,component,JARVIS-Beyond-DFT database,,
dev_run_C,L0_c2975,52,random,comp_00347,component,JARVIS-DFT workflow,,
dev_run_C,L0_c2975,52,random,clai_00036,claim,JARVIS‑Tools implements automatic k‑point convergence protocols that improve the precision of DFT calculations.,,
dev_run_C,L0_c2975,52,random,prob_00215,problem,Scalable high‑throughput DFT management,,
dev_run_C,L0_c2975,52,random,clai_00010,claim,"The workflow software FireWorks together with the custodian job‑management tool automatically manages high‑throughput DFT calculations, self‑heals failed runs, and applies material‑type‑specific workflows.",,
dev_run_C,L0_c2975,52,peripheral,comp_00587,component,U and J parameters for f-block elements,,
dev_run_C,L0_c2975,52,peripheral,cite_00274,cited_work,AFLOW,,
dev_run_C,L0_c2975,52,peripheral,comp_00385,component,AFLOW workflow engine,,
dev_run_C,L0_c2975,52,peripheral,prob_00384,problem,Aliasing errors in Fourier transforms,,
dev_run_C,L0_c2975,52,peripheral,clai_00224,claim,The AFLOWLIB data is accessible through a REST-API for standardized data exchange.,,
dev_run_C,L0_c2996,203,central,task_00001,task,machine learning,,
dev_run_C,L0_c2996,203,central,tech_00475,technique,Automated model selection,,
dev_run_C,L0_c2996,203,central,prob_00281,problem,Model selection automation,,
dev_run_C,L0_c2996,203,central,task_00352,task,Matbench classification tasks,,
dev_run_C,L0_c2996,203,central,futu_00010,future_topic,Continuous expansion of JARVIS datasets and tools,,
dev_run_C,L0_c2996,203,random,tech_00322,technique,Rule‑based self‑healing,,
dev_run_C,L0_c2996,203,random,comp_00442,component,Automatminer autofeaturizer Express preset,,
dev_run_C,L0_c2996,203,random,comp_00448,component,Matbench,,
dev_run_C,L0_c2996,203,random,task_00353,task,Composition-only property prediction,,
dev_run_C,L0_c2996,203,random,comp_00578,component,Error correction system,,
dev_run_C,L0_c2996,203,peripheral,tech_00325,technique,RESTful JSON API,,
dev_run_C,L0_c2996,203,peripheral,comp_00343,component,REST‑API,,
dev_run_C,L0_c2996,203,peripheral,tech_00642,technique,DBS-to-RMM-DIIS switching,,
dev_run_C,L0_c2996,203,peripheral,tech_00360,technique,REST‑API data exchange,,
dev_run_C,L0_c2996,203,peripheral,tech_00358,technique,Error‑handler auto‑resubmit,,
dev_run_C,L0_c2982,140,central,auth_00013,author,Wei Chen,,
dev_run_C,L0_c2982,140,central,meth_00266,method,BoltzTraP,,
dev_run_C,L0_c2982,140,central,cite_00131,cited_work,GRU,,
dev_run_C,L0_c2982,140,central,auth_00140,author,Yu-Chuan Hsu,,
dev_run_C,L0_c2982,140,central,auth_00114,author,Chi Chen,,
dev_run_C,L0_c2982,140,random,cite_00092,cited_work,Wang et al.,,
dev_run_C,L0_c2982,140,random,data_00148,dataset,LGPS,,
dev_run_C,L0_c2982,140,random,cite_00456,cited_work,Pettifor,,
dev_run_C,L0_c2982,140,random,cite_00575,cited_work,CASTEP,,
dev_run_C,L0_c2982,140,random,auth_00146,author,Shreyas Cholia,,
dev_run_C,L0_c2982,140,peripheral,tech_00919,technique,snapshot extraction at multiple time points,,
dev_run_C,L0_c2982,140,peripheral,tech_00500,technique,Leave-one-cluster-out CV,,
dev_run_C,L0_c2982,140,peripheral,comp_00631,component,uncorrelated snapshots selection,,
dev_run_C,L0_c2982,140,peripheral,comp_00388,component,Aconvasp command‑line tool,,
dev_run_C,L0_c2982,140,peripheral,clai_00486,claim,"For LLZO, results are quite insensitive to the choice of cell volume (NPT equilibrated vs experimental cif-file values) for producing the initial training set.",,
dev_run_C,L0_c2935,79,central,auth_00142,author,Markus J. Buehler,2,this is similar to dev_run_A all the authors of material science related papers are linked together but there are some incoherencies also
dev_run_C,L0_c2935,79,central,auth_00163,author,Albert Davydov,,
dev_run_C,L0_c2935,79,central,auth_00157,author,Adam J. Biacchi,2,they have collaborated in the arti_00024
dev_run_C,L0_c2935,79,central,auth_00199,author,Denis O. Demchenko,,
dev_run_C,L0_c2935,79,central,auth_00169,author,Vinit Sharma,,
dev_run_C,L0_c2935,79,random,auth_00154,author,Kevin F. Garrity,,
dev_run_C,L0_c2935,79,random,auth_00139,author,Ralf Drautz,,
dev_run_C,L0_c2935,79,random,meth_00212,method,Parrinello–Rahman barostat,,
dev_run_C,L0_c2935,79,random,auth_00197,author,Michael J. Mehl,,
dev_run_C,L0_c2935,79,random,auth_00272,author,Corey Oses,1,collaborated on AFLOW not necessarilythe the same article as the above or below authors
dev_run_C,L0_c2935,79,peripheral,meth_00212,method,Parrinello–Rahman barostat,,
dev_run_C,L0_c2935,79,peripheral,auth_00167,author,Ankit Agrawal,,
dev_run_C,L0_c2935,79,peripheral,auth_00014,author,Oriol Vinyals,,
dev_run_C,L0_c2935,79,peripheral,auth_00177,author,Karin Rabe,,
dev_run_C,L0_c2935,79,peripheral,meth_00211,method,Martyna–Klein–Tuckerman barostat,,
dev_run_C,L0_c2856,20,central,data_00223,dataset,MD-17 Benzene (original),0,everything related to chemical names is grouped together not sure whther they ae scientifcally coherent
dev_run_C,L0_c2856,20,central,data_00221,dataset,MD-17 Aspirin (original),,
dev_run_C,L0_c2856,20,central,data_00229,dataset,MD-17 Toluene (original),,
dev_run_C,L0_c2856,20,central,data_00225,dataset,MD-17 Malonaldehyde (original),,
dev_run_C,L0_c2856,20,central,data_00228,dataset,MD-17 Salicylic acid (original),,
dev_run_C,L0_c2856,20,random,data_00231,dataset,MD-17 Aspirin (revised),,
dev_run_C,L0_c2856,20,random,data_00054,dataset,Ethanol,,
dev_run_C,L0_c2856,20,random,data_00053,dataset,Malonaldehyde,,
dev_run_C,L0_c2856,20,random,data_00034,dataset,Aspirin,,
dev_run_C,L0_c2856,20,random,data_00234,dataset,MD-17 Malonaldehyde (revised),,
dev_run_C,L0_c2856,20,peripheral,data_00054,dataset,Ethanol,,
dev_run_C,L0_c2856,20,peripheral,data_00052,dataset,Salicylic acid,,
dev_run_C,L0_c2856,20,peripheral,data_00053,dataset,Malonaldehyde,,
dev_run_C,L0_c2856,20,peripheral,data_00034,dataset,Aspirin,,
dev_run_C,L0_c2856,20,peripheral,data_00234,dataset,MD-17 Malonaldehyde (revised),,
