anonymous_run_id,anonymous_group_id,group_size,rating_status,rating,unique_ratings,notes,rows_with_rating,rows_total
dev_run_A,L0_c2747,12,filled,0,0,all Jarvis terms related together maybe too semantic but still unsure,1,15
dev_run_A,L0_c2849,16,filled,unsure,unsure,the chemical names seem to be connected together,1,15
dev_run_A,L0_c2969,22,filled,0,0,"all ""body descriptors"" grouped together",1,15
dev_run_A,L0_c2972,112,conflict,,1 | 2,definitely related to AFLOW | not realted to AFLOW btu grouped together | no similar work but simialr theme material science could be a possible broad connection | related to each other through materials | related to materail science | realted to each other | realted to each other thorugh a similar work | definitely related | definitely realated | related to material science,11,15
dev_run_A,L0_c2978,55,conflict,,2 | 1 | usnure | unsure,seemssomething realted to autominer all the central nodes seem connected through this key word. | realted to Matbench | might be related to ML technique,15,15
dev_run_A,L0_c2986,80,conflict,,0 | 1 | unsure | 2,doestn belong here realted to quantum | a method | describes a model called DeepPMD which is successfully doing some calculation but not sure whther thsi realates to the above claim | seems like a problem that the DeepPMD model is able to solve | seems coherent with the theme | soemthing related to batteries and lithium which might be scietifically coherent with the themes | but seems realted to molecular dynamics | possibly realted to chemistry | realted to chemistry and a metric | definitely related to the central claims | could be a metric | might me some material | might be related to coating of electrolytes | possibly related to the problem | thsi is something realted to quantum doestn belong here,15,15
dev_run_A,L0_c2988,100,missing,,,,0,15
dev_run_A,L0_c2989,54,missing,,,,0,15
dev_run_A,L0_c2991,361,conflict,,2 | 1 | unsure | 0,article and realted claims seem related but that realtion could only be semantic | relates to the aricle headline | could be a technique | unsure whter JARVIS is related to AFLOW | could be an internal technique | could be realted to technical implementation | might be related | seems realted to a technique | the sampled data seems coherent especially since it is not too semantic,15,15
dev_run_A,L0_c2994,430,conflict,,2 | unsure | 1,The sampled members appear to describe the article ‘Universal Machine Learning for Molecules and Crystals.’ This suggests a shared article context | maybe be scientifcally coherent and thematically similar describe a possible solution to the problem | describes a method seems reasonable adn fitting | could possibly be a optimiser used for machine learning technique | techinque seems related | not sure whether it connects to the article hard to Say | could possibly be a technique used for graph convolution networks but hard to establish scientifical coherence | might be a sub task | could be an internal task related to molecular or crystal interatomic interaction | could be something related to moment estimation in molecular dynamics | possibly a chemical name for a molecule | a method to calculate some distance | possibly a chemical name | not sure this could be a some basic irreducible set of molecules but it is not clear | could possibly point to a molecule,15,15
dev_run_A,L0_c2996,120,conflict,,2 | 1 | unsure,seems coherent since it is realted to other claims in thsi group realted to amorphous carbon | realted but could also be a semantic connection | related | realted to carbon and its interatomic potential | realted to the theme of molecular dynamics | related to MD simulation | might be a chemical name of something related to C | definitely realted work concerns amorphous carbon and silicon multiple documents related | could be realted to molecular dynamics | related to elasticity | related to physics,15,15
dev_run_A,L0_c2997,143,conflict,,2 | 1 | unsure,all central claims and tasks seem to be related to material properties | hard to know whether they are semantically connected | realted to materail science | could be related | related to material science | could be a task in the material scienece property prediction theme | possibly a task | might be a model used to predict fracture in materials | realted to elasticity and materials | thsi seems realteedt o ion batteries | could be method or a model prediction | definitely related to the theme,15,15
dev_run_B,L0_c2784,23,filled,1,1,fracture realted doesnt really mean they are scientifcally related,1,15
dev_run_B,L0_c2858,20,filled,0,0,all the chemical names are grouped together even in random and peripheral,1,15
dev_run_B,L0_c2958,41,filled,1,1,carbon related papers,1,15
dev_run_B,L0_c2963,44,filled,1,1,automatminer and Matbench realted paper might be scientifcallycoherretn but not so sure,1,15
dev_run_B,L0_c2971,143,missing,,,,0,15
dev_run_B,L0_c2973,39,missing,,,,0,15
dev_run_B,L0_c2975,28,missing,,,,0,15
dev_run_B,L0_c2977,95,missing,,,,0,15
dev_run_B,L0_c2985,102,missing,,,,0,15
dev_run_B,L0_c2986,108,filled,1,1,all authors who have worked on similar papers are grouped together,1,15
dev_run_B,L0_c2996,340,missing,,,,0,15
dev_run_B,L0_c2997,522,filled,2,2,quantum related,2,15
dev_run_C,L0_c2833,23,conflict,,2 | 1,seems related to fracture in materails but seems too semantic | seems connected with carbon but not necessarily scientifically coherent,2,15
dev_run_C,L0_c2856,20,filled,0,0,everything related to chemical names is grouped together not sure whther they ae scientifcally coherent,1,15
dev_run_C,L0_c2902,28,missing,,,,0,15
dev_run_C,L0_c2929,33,missing,,,,0,15
dev_run_C,L0_c2935,79,conflict,,2 | 1,this is similar to dev_run_A all the authors of material science related papers are linked together but there are some incoherencies also | they have collaborated in the arti_00024 | collaborated on AFLOW not necessarilythe the same article as the above or below authors,3,15
dev_run_C,L0_c2960,73,filled,unsure,unsure,evenrything seems connected together by the keyword materials property,1,15
dev_run_C,L0_c2975,52,filled,1,1,seems related to dft and AFLOW,1,15
dev_run_C,L0_c2982,140,missing,,,,0,15
dev_run_C,L0_c2994,264,filled,1,1,the central nodes seem connected,1,15
dev_run_C,L0_c2995,230,missing,,,,0,15
dev_run_C,L0_c2996,203,missing,,,,0,15
dev_run_C,L0_c2997,360,missing,,,,0,15
